"Time of Day","Process Name","PID","Operation","Path","Result","Detail"
"10:56:06,1603512","gandcrab_v4.exe","3160","Process Start","","SUCCESS","Parent PID: 3640, Command line: ""C:\Users\Cuckoo\Downloads\gandcrab_v4.exe"" , Current directory: C:\Users\Cuckoo\Downloads\, Environment: ;	=::=::\;	ALLUSERSPROFILE=C:\ProgramData;	APPDATA=C:\Users\Cuckoo\AppData\Roaming;	CommonProgramFiles=C:\Program Files\Common Files;	CommonProgramFiles(x86)=C:\Program Files (x86)\Common Files;	CommonProgramW6432=C:\Program Files\Common Files;	COMPUTERNAME=DESKTOP-STRQU9T;	ComSpec=C:\Windows\system32\cmd.exe;	DriverData=C:\Windows\System32\Drivers\DriverData;	FPS_BROWSER_APP_PROFILE_STRING=Internet Explorer;	FPS_BROWSER_USER_PROFILE_STRING=Default;	HOMEDRIVE=C:;	HOMEPATH=\Users\Cuckoo;	LOCALAPPDATA=C:\Users\Cuckoo\AppData\Local;	LOGONSERVER=\\DESKTOP-STRQU9T;	NUMBER_OF_PROCESSORS=4;	OneDrive=C:\Users\Cuckoo\OneDrive;	OS=Windows_NT;	Path=C:\Python27\;C:\Python27\Scripts;C:\Windows\system32;C:\Windows;C:\Windows\System32\Wbem;C:\Windows\System32\WindowsPowerShell\v1.0\;C:\Windows\System32\OpenSSH\;C:\Users\Cuckoo\AppData\Local\Microsoft\WindowsApps;C:\Program Files\Python27;;	PATHEXT=.COM;.EXE;.BAT;.CMD;.VBS;.VBE;.JS;.JSE;.WSF;.WSH;.MSC;	PROCESSOR_ARCHITECTURE=AMD64;	PROCESSOR_IDENTIFIER=AMD64 Family 23 Model 24 Stepping 1, AuthenticAMD;	PROCESSOR_LEVEL=23;	PROCESSOR_REVISION=1801;	ProgramData=C:\ProgramData;	ProgramFiles=C:\Program Files;	ProgramFiles(x86)=C:\Program Files (x86);	ProgramW6432=C:\Program Files;	PSModulePath=C:\Program Files\WindowsPowerShell\Modules;C:\Windows\system32\WindowsPowerShell\v1.0\Modules;	PUBLIC=C:\Users\Public;	SESSIONNAME=Console;	SystemDrive=C:;	SystemRoot=C:\Windows;	TEMP=C:\Users\Cuckoo\AppData\Local\Temp;	TMP=C:\Users\Cuckoo\AppData\Local\Temp;	USERDOMAIN=DESKTOP-STRQU9T;	USERDOMAIN_ROAMINGPROFILE=DESKTOP-STRQU9T;	USERNAME=Cuckoo;	USERPROFILE=C:\Users\Cuckoo;	windir=C:\Windows"
"10:56:06,1603836","gandcrab_v4.exe","3160","Thread Create","","SUCCESS","Thread ID: 8304"
"10:56:06,2112472","gandcrab_v4.exe","3160","Load Image","C:\Users\Cuckoo\Downloads\gandcrab_v4.exe","SUCCESS","Image Base: 0x400000, Image Size: 0x31000"
"10:56:06,2114178","gandcrab_v4.exe","3160","Load Image","C:\Windows\System32\ntdll.dll","SUCCESS","Image Base: 0x7ffffb750000, Image Size: 0x1f5000"
"10:56:06,2117512","gandcrab_v4.exe","3160","Load Image","C:\Windows\SysWOW64\ntdll.dll","SUCCESS","Image Base: 0x77660000, Image Size: 0x1a3000"
"10:56:06,2120814","gandcrab_v4.exe","3160","CreateFile","C:\Windows\Prefetch\GANDCRAB_V4.EXE-89137057.pf","NAME NOT FOUND","Desired Access: Generic Read, Disposition: Open, Options: Synchronous IO Non-Alert, Attributes: n/a, ShareMode: None, AllocationSize: n/a"
"10:56:06,2125736","gandcrab_v4.exe","3160","RegOpenKey","HKLM\System\CurrentControlSet\Control\Session Manager","REPARSE","Desired Access: Query Value"
"10:56:06,2126382","gandcrab_v4.exe","3160","RegOpenKey","HKLM\System\CurrentControlSet\Control\Session Manager","SUCCESS","Desired Access: Query Value"
"10:56:06,2126780","gandcrab_v4.exe","3160","RegQueryValue","HKLM\System\CurrentControlSet\Control\Session Manager\RaiseExceptionOnPossibleDeadlock","NAME NOT FOUND","Length: 80"
"10:56:06,2127071","gandcrab_v4.exe","3160","RegCloseKey","HKLM\System\CurrentControlSet\Control\Session Manager","SUCCESS",""
"10:56:06,2127438","gandcrab_v4.exe","3160","RegOpenKey","HKLM\SYSTEM\CurrentControlSet\Control\Session Manager\Segment Heap","REPARSE","Desired Access: Query Value"
"10:56:06,2127710","gandcrab_v4.exe","3160","RegOpenKey","HKLM\System\CurrentControlSet\Control\Session Manager\Segment Heap","NAME NOT FOUND","Desired Access: Query Value"
"10:56:06,2128673","gandcrab_v4.exe","3160","RegOpenKey","HKLM\SYSTEM\CurrentControlSet\Control\Session Manager","REPARSE","Desired Access: Query Value, Enumerate Sub Keys"
"10:56:06,2128854","gandcrab_v4.exe","3160","RegOpenKey","HKLM\System\CurrentControlSet\Control\Session Manager","SUCCESS","Desired Access: Query Value, Enumerate Sub Keys"
"10:56:06,2129013","gandcrab_v4.exe","3160","RegQueryValue","HKLM\System\CurrentControlSet\Control\Session Manager\ResourcePolicies","NAME NOT FOUND","Length: 24"
"10:56:06,2129535","gandcrab_v4.exe","3160","RegCloseKey","HKLM\System\CurrentControlSet\Control\Session Manager","SUCCESS",""
"10:56:06,2138045","gandcrab_v4.exe","3160","CreateFile","C:\Windows","SUCCESS","Desired Access: Execute/Traverse, Synchronize, Disposition: Open, Options: Directory, Synchronous IO Non-Alert, Attributes: n/a, ShareMode: Read, Write, AllocationSize: n/a, OpenResult: Opened"
"10:56:06,2149304","gandcrab_v4.exe","3160","Load Image","C:\Windows\System32\wow64.dll","SUCCESS","Image Base: 0x7ffffa6d0000, Image Size: 0x59000"
"10:56:06,2153078","gandcrab_v4.exe","3160","Load Image","C:\Windows\System32\wow64win.dll","SUCCESS","Image Base: 0x7ffff9e20000, Image Size: 0x83000"
"10:56:06,2162586","gandcrab_v4.exe","3160","CreateFile","C:\Windows\System32\wow64log.dll","NAME NOT FOUND","Desired Access: Read Attributes, Disposition: Open, Options: Open Reparse Point, Attributes: n/a, ShareMode: Read, Write, Delete, AllocationSize: n/a"
"10:56:06,2180842","gandcrab_v4.exe","3160","CreateFile","C:\Windows","SUCCESS","Desired Access: Read Attributes, Synchronize, Disposition: Open, Options: Synchronous IO Non-Alert, Attributes: n/a, ShareMode: Read, Write, Delete, AllocationSize: n/a, OpenResult: Opened"
"10:56:06,2197674","gandcrab_v4.exe","3160","QueryNameInformationFile","C:\Windows","SUCCESS","Name: \Windows"
"10:56:06,2200300","gandcrab_v4.exe","3160","CloseFile","C:\Windows","SUCCESS",""
"10:56:06,2204348","gandcrab_v4.exe","3160","RegOpenKey","HKLM\Software\Microsoft\Wow64\x86","SUCCESS","Desired Access: Read"
"10:56:06,2207966","gandcrab_v4.exe","3160","RegQueryValue","HKLM\SOFTWARE\Microsoft\Wow64\x86\gandcrab_v4.exe","NAME NOT FOUND","Length: 520"
"10:56:06,2208753","gandcrab_v4.exe","3160","RegQueryValue","HKLM\SOFTWARE\Microsoft\Wow64\x86\(Default)","SUCCESS","Type: REG_SZ, Length: 26, Data: wow64cpu.dll"
"10:56:06,2210097","gandcrab_v4.exe","3160","RegCloseKey","HKLM\SOFTWARE\Microsoft\Wow64\x86","SUCCESS",""
"10:56:06,2222067","gandcrab_v4.exe","3160","Load Image","C:\Windows\System32\wow64cpu.dll","SUCCESS","Image Base: 0x77650000, Image Size: 0xa000"
"10:56:06,2242347","gandcrab_v4.exe","3160","RegOpenKey","HKLM\System\CurrentControlSet\Control\Session Manager","REPARSE","Desired Access: Query Value"
"10:56:06,2244407","gandcrab_v4.exe","3160","RegOpenKey","HKLM\System\CurrentControlSet\Control\Session Manager","SUCCESS","Desired Access: Query Value"
"10:56:06,2245439","gandcrab_v4.exe","3160","RegSetInfoKey","HKLM\System\CurrentControlSet\Control\Session Manager","SUCCESS","KeySetInformationClass: KeySetHandleTagsInformation, Length: 0"
"10:56:06,2246389","gandcrab_v4.exe","3160","RegQueryValue","HKLM\System\CurrentControlSet\Control\Session Manager\RaiseExceptionOnPossibleDeadlock","NAME NOT FOUND","Length: 80"
"10:56:06,2248458","gandcrab_v4.exe","3160","RegCloseKey","HKLM\System\CurrentControlSet\Control\Session Manager","SUCCESS",""
"10:56:06,2249985","gandcrab_v4.exe","3160","RegOpenKey","HKLM\SYSTEM\CurrentControlSet\Control\Session Manager\Segment Heap","REPARSE","Desired Access: Query Value"
"10:56:06,2251259","gandcrab_v4.exe","3160","RegOpenKey","HKLM\System\CurrentControlSet\Control\Session Manager\Segment Heap","NAME NOT FOUND","Desired Access: Query Value"
"10:56:06,2255363","gandcrab_v4.exe","3160","RegOpenKey","HKLM\SYSTEM\CurrentControlSet\Control\Session Manager","REPARSE","Desired Access: Query Value, Enumerate Sub Keys"
"10:56:06,2255972","gandcrab_v4.exe","3160","RegOpenKey","HKLM\System\CurrentControlSet\Control\Session Manager","SUCCESS","Desired Access: Query Value, Enumerate Sub Keys"
"10:56:06,2256819","gandcrab_v4.exe","3160","RegSetInfoKey","HKLM\System\CurrentControlSet\Control\Session Manager","SUCCESS","KeySetInformationClass: KeySetHandleTagsInformation, Length: 0"
"10:56:06,2257421","gandcrab_v4.exe","3160","RegQueryValue","HKLM\System\CurrentControlSet\Control\Session Manager\ResourcePolicies","NAME NOT FOUND","Length: 24"
"10:56:06,2257980","gandcrab_v4.exe","3160","RegCloseKey","HKLM\System\CurrentControlSet\Control\Session Manager","SUCCESS",""
"10:56:06,2286360","gandcrab_v4.exe","3160","CreateFile","C:\Users\Cuckoo\Downloads","SUCCESS","Desired Access: Execute/Traverse, Synchronize, Disposition: Open, Options: Directory, Synchronous IO Non-Alert, Attributes: n/a, ShareMode: Read, Write, AllocationSize: n/a, OpenResult: Opened"
"10:56:06,2300087","gandcrab_v4.exe","3160","Load Image","C:\Windows\SysWOW64\kernel32.dll","SUCCESS","Image Base: 0x773f0000, Image Size: 0xf0000"
"10:56:06,2305327","gandcrab_v4.exe","3160","Load Image","C:\Windows\SysWOW64\KernelBase.dll","SUCCESS","Image Base: 0x758c0000, Image Size: 0x214000"
"10:56:06,2318428","gandcrab_v4.exe","3160","RegQueryValue","HKLM\System\CurrentControlSet\Control\WMI\Security\3c74afb9-8d82-44e3-b52c-365dbf48382a","NAME NOT FOUND","Length: 528"
"10:56:06,2346186","gandcrab_v4.exe","3160","RegQueryValue","HKLM\System\CurrentControlSet\Control\WMI\Security\05f95efe-7f75-49c7-a994-60a55cc09571","NAME NOT FOUND","Length: 528"
"10:56:06,2348711","gandcrab_v4.exe","3160","RegOpenKey","HKLM\System\CurrentControlSet\Control\Terminal Server","REPARSE","Desired Access: Read"
"10:56:06,2349205","gandcrab_v4.exe","3160","RegOpenKey","HKLM\System\CurrentControlSet\Control\Terminal Server","SUCCESS","Desired Access: Read"
"10:56:06,2349572","gandcrab_v4.exe","3160","RegSetInfoKey","HKLM\System\CurrentControlSet\Control\Terminal Server","SUCCESS","KeySetInformationClass: KeySetHandleTagsInformation, Length: 0"
"10:56:06,2349755","gandcrab_v4.exe","3160","RegQueryValue","HKLM\System\CurrentControlSet\Control\Terminal Server\TSAppCompat","NAME NOT FOUND","Length: 548"
"10:56:06,2350269","gandcrab_v4.exe","3160","RegQueryValue","HKLM\System\CurrentControlSet\Control\Terminal Server\TSUserEnabled","SUCCESS","Type: REG_DWORD, Length: 4, Data: 0"
"10:56:06,2350625","gandcrab_v4.exe","3160","RegCloseKey","HKLM\System\CurrentControlSet\Control\Terminal Server","SUCCESS",""
"10:56:06,2357690","gandcrab_v4.exe","3160","RegOpenKey","HKLM\System\CurrentControlSet\Control\SafeBoot\Option","REPARSE","Desired Access: Query Value, Set Value"
"10:56:06,2359327","gandcrab_v4.exe","3160","RegOpenKey","HKLM\System\CurrentControlSet\Control\SafeBoot\Option","NAME NOT FOUND","Desired Access: Query Value, Set Value"
"10:56:06,2360454","gandcrab_v4.exe","3160","RegOpenKey","HKLM\System\CurrentControlSet\Control\Srp\GP\DLL","REPARSE","Desired Access: Read"
"10:56:06,2360655","gandcrab_v4.exe","3160","RegOpenKey","HKLM\System\CurrentControlSet\Control\Srp\GP\DLL","NAME NOT FOUND","Desired Access: Read"
"10:56:06,2361169","gandcrab_v4.exe","3160","RegOpenKey","HKLM\Software\WOW6432Node\Policies\Microsoft\Windows\Safer\CodeIdentifiers","REPARSE","Desired Access: Query Value"
"10:56:06,2362147","gandcrab_v4.exe","3160","RegOpenKey","HKLM\SOFTWARE\Policies\Microsoft\Windows\Safer\CodeIdentifiers","SUCCESS","Desired Access: Query Value"
"10:56:06,2362661","gandcrab_v4.exe","3160","RegSetInfoKey","HKLM\SOFTWARE\Policies\Microsoft\Windows\safer\codeidentifiers","SUCCESS","KeySetInformationClass: KeySetHandleTagsInformation, Length: 0"
"10:56:06,2362821","gandcrab_v4.exe","3160","RegQueryValue","HKLM\SOFTWARE\Policies\Microsoft\Windows\safer\codeidentifiers\TransparentEnabled","NAME NOT FOUND","Length: 80"
"10:56:06,2363029","gandcrab_v4.exe","3160","RegCloseKey","HKLM\SOFTWARE\Policies\Microsoft\Windows\safer\codeidentifiers","SUCCESS",""
"10:56:06,2363627","gandcrab_v4.exe","3160","RegOpenKey","HKCU\Software\Policies\Microsoft\Windows\Safer\CodeIdentifiers","NAME NOT FOUND","Desired Access: Query Value"
"10:56:06,2364381","gandcrab_v4.exe","3160","RegOpenKey","HKLM\System\CurrentControlSet\Control\FileSystem\","REPARSE","Desired Access: Read"
"10:56:06,2364552","gandcrab_v4.exe","3160","RegOpenKey","HKLM\System\CurrentControlSet\Control\FileSystem","SUCCESS","Desired Access: Read"
"10:56:06,2364746","gandcrab_v4.exe","3160","RegSetInfoKey","HKLM\System\CurrentControlSet\Control\FileSystem","SUCCESS","KeySetInformationClass: KeySetHandleTagsInformation, Length: 0"
"10:56:06,2364870","gandcrab_v4.exe","3160","RegQueryValue","HKLM\System\CurrentControlSet\Control\FileSystem\LongPathsEnabled","SUCCESS","Type: REG_DWORD, Length: 4, Data: 0"
"10:56:06,2365066","gandcrab_v4.exe","3160","RegCloseKey","HKLM\System\CurrentControlSet\Control\FileSystem","SUCCESS",""
"10:56:06,2371597","gandcrab_v4.exe","3160","CreateFile","C:\Windows\SysWOW64\apphelp.dll","SUCCESS","Desired Access: Read Attributes, Disposition: Open, Options: Open Reparse Point, Attributes: n/a, ShareMode: Read, Write, Delete, AllocationSize: n/a, OpenResult: Opened"
"10:56:06,2374294","gandcrab_v4.exe","3160","QueryBasicInformationFile","C:\Windows\SysWOW64\apphelp.dll","SUCCESS","CreationTime: 25/04/2022 10:23:38, LastAccessTime: 25/04/2022 10:42:45, LastWriteTime: 25/04/2022 10:23:38, ChangeTime: 25/04/2022 10:39:45, FileAttributes: A"
"10:56:06,2374570","gandcrab_v4.exe","3160","CloseFile","C:\Windows\SysWOW64\apphelp.dll","SUCCESS",""
"10:56:06,2377094","gandcrab_v4.exe","3160","CreateFile","C:\Windows\SysWOW64\apphelp.dll","SUCCESS","Desired Access: Read Data/List Directory, Execute/Traverse, Synchronize, Disposition: Open, Options: Synchronous IO Non-Alert, Non-Directory File, Attributes: n/a, ShareMode: Read, Delete, AllocationSize: n/a, OpenResult: Opened"
"10:56:06,2378224","gandcrab_v4.exe","3160","CreateFileMapping","C:\Windows\SysWOW64\apphelp.dll","FILE LOCKED WITH ONLY READERS","SyncType: SyncTypeCreateSection, PageProtection: PAGE_EXECUTE_READWRITE|PAGE_NOCACHE"
"10:56:06,2413133","gandcrab_v4.exe","3160","CreateFileMapping","C:\Windows\SysWOW64\apphelp.dll","SUCCESS","SyncType: SyncTypeOther"
"10:56:06,2419095","gandcrab_v4.exe","3160","Load Image","C:\Windows\SysWOW64\apphelp.dll","SUCCESS","Image Base: 0x75490000, Image Size: 0x9f000"
"10:56:06,2426583","gandcrab_v4.exe","3160","CloseFile","C:\Windows\SysWOW64\apphelp.dll","SUCCESS",""
"10:56:06,2429808","gandcrab_v4.exe","3160","RegQueryValue","HKLM\System\CurrentControlSet\Control\WMI\Security\8ccca27d-f1d8-4dda-b5dd-339aee937731","NAME NOT FOUND","Length: 528"
"10:56:06,2433322","gandcrab_v4.exe","3160","RegOpenKey","HKLM\Software\WOW6432Node\Microsoft\Windows NT\CurrentVersion\AppCompatFlags","SUCCESS","Desired Access: Query Value"
"10:56:06,2435083","gandcrab_v4.exe","3160","RegSetInfoKey","HKLM\SOFTWARE\WOW6432Node\Microsoft\Windows NT\CurrentVersion\AppCompatFlags","SUCCESS","KeySetInformationClass: KeySetHandleTagsInformation, Length: 0"
"10:56:06,2435397","gandcrab_v4.exe","3160","RegQueryValue","HKLM\SOFTWARE\WOW6432Node\Microsoft\Windows NT\CurrentVersion\AppCompatFlags\LogFlags","NAME NOT FOUND","Length: 20"
"10:56:06,2435656","gandcrab_v4.exe","3160","RegCloseKey","HKLM\SOFTWARE\WOW6432Node\Microsoft\Windows NT\CurrentVersion\AppCompatFlags","SUCCESS",""
"10:56:06,2437048","gandcrab_v4.exe","3160","RegQueryValue","HKLM\System\CurrentControlSet\Control\WMI\Security\18608e62-a628-49d9-8c02-55972e097d24","NAME NOT FOUND","Length: 528"
"10:56:06,2439114","gandcrab_v4.exe","3160","RegOpenKey","HKLM\Software\WOW6432Node\Microsoft\Windows NT\CurrentVersion\AppCompatFlags","SUCCESS","Desired Access: Query Value"
"10:56:06,2439487","gandcrab_v4.exe","3160","RegSetInfoKey","HKLM\SOFTWARE\WOW6432Node\Microsoft\Windows NT\CurrentVersion\AppCompatFlags","SUCCESS","KeySetInformationClass: KeySetHandleTagsInformation, Length: 0"
"10:56:06,2439681","gandcrab_v4.exe","3160","RegQueryValue","HKLM\SOFTWARE\WOW6432Node\Microsoft\Windows NT\CurrentVersion\AppCompatFlags\ShowDebugInfo","NAME NOT FOUND","Length: 20"
"10:56:06,2439930","gandcrab_v4.exe","3160","RegCloseKey","HKLM\SOFTWARE\WOW6432Node\Microsoft\Windows NT\CurrentVersion\AppCompatFlags","SUCCESS",""
"10:56:06,2443717","gandcrab_v4.exe","3160","CreateFile","C:\Users\Cuckoo\Downloads\gandcrab_v4.exe","SUCCESS","Desired Access: Read Control, Disposition: Open, Options: , Attributes: n/a, ShareMode: Read, Delete, AllocationSize: n/a, OpenResult: Opened"
"10:56:06,2444950","gandcrab_v4.exe","3160","QuerySecurityFile","C:\Users\Cuckoo\Downloads\gandcrab_v4.exe","BUFFER OVERFLOW","Information: Owner"
"10:56:06,2445179","gandcrab_v4.exe","3160","QuerySecurityFile","C:\Users\Cuckoo\Downloads\gandcrab_v4.exe","SUCCESS","Information: Owner"
"10:56:06,2445353","gandcrab_v4.exe","3160","CloseFile","C:\Users\Cuckoo\Downloads\gandcrab_v4.exe","SUCCESS",""
"10:56:06,2447835","gandcrab_v4.exe","3160","CreateFile","C:\Windows\SysWOW64\ntdll.dll","SUCCESS","Desired Access: Read Control, Disposition: Open, Options: , Attributes: n/a, ShareMode: Read, Delete, AllocationSize: n/a, OpenResult: Opened"
"10:56:06,2449729","gandcrab_v4.exe","3160","QuerySecurityFile","C:\Windows\SysWOW64\ntdll.dll","BUFFER OVERFLOW","Information: Owner"
"10:56:06,2449932","gandcrab_v4.exe","3160","QuerySecurityFile","C:\Windows\SysWOW64\ntdll.dll","SUCCESS","Information: Owner"
"10:56:06,2450091","gandcrab_v4.exe","3160","CloseFile","C:\Windows\SysWOW64\ntdll.dll","SUCCESS",""
"10:56:06,2451900","gandcrab_v4.exe","3160","CreateFile","C:\Windows\SysWOW64\kernel32.dll","SUCCESS","Desired Access: Read Control, Disposition: Open, Options: , Attributes: n/a, ShareMode: Read, Delete, AllocationSize: n/a, OpenResult: Opened"
"10:56:06,2453159","gandcrab_v4.exe","3160","QuerySecurityFile","C:\Windows\SysWOW64\kernel32.dll","BUFFER OVERFLOW","Information: Owner"
"10:56:06,2453333","gandcrab_v4.exe","3160","QuerySecurityFile","C:\Windows\SysWOW64\kernel32.dll","SUCCESS","Information: Owner"
"10:56:06,2453484","gandcrab_v4.exe","3160","CloseFile","C:\Windows\SysWOW64\kernel32.dll","SUCCESS",""
"10:56:06,2455287","gandcrab_v4.exe","3160","CreateFile","C:\Windows\SysWOW64\KernelBase.dll","SUCCESS","Desired Access: Read Control, Disposition: Open, Options: , Attributes: n/a, ShareMode: Read, Delete, AllocationSize: n/a, OpenResult: Opened"
"10:56:06,2456220","gandcrab_v4.exe","3160","QuerySecurityFile","C:\Windows\SysWOW64\KernelBase.dll","BUFFER OVERFLOW","Information: Owner"
"10:56:06,2456484","gandcrab_v4.exe","3160","QuerySecurityFile","C:\Windows\SysWOW64\KernelBase.dll","SUCCESS","Information: Owner"
"10:56:06,2456639","gandcrab_v4.exe","3160","CloseFile","C:\Windows\SysWOW64\KernelBase.dll","SUCCESS",""
"10:56:06,2459021","gandcrab_v4.exe","3160","CreateFile","C:\Windows\apppatch\sysmain.sdb","SUCCESS","Desired Access: Generic Read, Disposition: Open, Options: Synchronous IO Non-Alert, Non-Directory File, Attributes: N, ShareMode: Read, Delete, AllocationSize: n/a, OpenResult: Opened"
"10:56:06,2460075","gandcrab_v4.exe","3160","QueryStandardInformationFile","C:\Windows\apppatch\sysmain.sdb","SUCCESS","AllocationSize: 4.071.424, EndOfFile: 4.070.602, NumberOfLinks: 2, DeletePending: False, Directory: False"
"10:56:06,2460261","gandcrab_v4.exe","3160","QueryStandardInformationFile","C:\Windows\apppatch\sysmain.sdb","SUCCESS","AllocationSize: 4.071.424, EndOfFile: 4.070.602, NumberOfLinks: 2, DeletePending: False, Directory: False"
"10:56:06,2460489","gandcrab_v4.exe","3160","CreateFileMapping","C:\Windows\apppatch\sysmain.sdb","FILE LOCKED WITH ONLY READERS","SyncType: SyncTypeCreateSection, PageProtection: PAGE_EXECUTE_READWRITE|PAGE_NOCACHE"
"10:56:06,2460690","gandcrab_v4.exe","3160","QueryStandardInformationFile","C:\Windows\apppatch\sysmain.sdb","SUCCESS","AllocationSize: 4.071.424, EndOfFile: 4.070.602, NumberOfLinks: 2, DeletePending: False, Directory: False"
"10:56:06,2461011","gandcrab_v4.exe","3160","CreateFileMapping","C:\Windows\apppatch\sysmain.sdb","SUCCESS","SyncType: SyncTypeOther"
"10:56:06,2463496","gandcrab_v4.exe","3160","ReadFile","C:\Windows\SysWOW64\apphelp.dll","SUCCESS","Offset: 320.512, Length: 32.768, I/O Flags: Non-cached, Paging I/O, Synchronous Paging I/O, Priority: Normal"
"10:56:06,2501216","gandcrab_v4.exe","3160","CreateFile","C:\Users\Cuckoo\Downloads\gandcrab_v4.exe","SUCCESS","Desired Access: Generic Read, Disposition: Open, Options: Synchronous IO Non-Alert, Non-Directory File, Attributes: N, ShareMode: Read, AllocationSize: n/a, OpenResult: Opened"
"10:56:06,2512134","gandcrab_v4.exe","3160","RegOpenKey","HKCU\Software\Microsoft\Windows\CurrentVersion\Explorer\Shell Folders","SUCCESS","Desired Access: Query Value"
"10:56:06,2514757","gandcrab_v4.exe","3160","RegSetInfoKey","HKCU\SOFTWARE\Microsoft\Windows\CurrentVersion\Explorer\Shell Folders","SUCCESS","KeySetInformationClass: KeySetHandleTagsInformation, Length: 0"
"10:56:06,2516160","gandcrab_v4.exe","3160","RegQueryValue","HKCU\SOFTWARE\Microsoft\Windows\CurrentVersion\Explorer\Shell Folders\Cache","SUCCESS","Type: REG_SZ, Length: 116, Data: C:\Users\Cuckoo\AppData\Local\Microsoft\Windows\INetCache"
"10:56:06,2518002","gandcrab_v4.exe","3160","RegCloseKey","HKCU\SOFTWARE\Microsoft\Windows\CurrentVersion\Explorer\Shell Folders","SUCCESS",""
"10:56:06,2521614","gandcrab_v4.exe","3160","QuerySecurityFile","C:\Users\Cuckoo\Downloads\gandcrab_v4.exe","SUCCESS","Information: Owner, Group, DACL, SACL, Label, Attribute, Process Trust Label, 0x100"
"10:56:06,2544975","gandcrab_v4.exe","3160","CreateFile","C:\Windows\apppatch\sysmain.sdb","SUCCESS","Desired Access: Generic Read, Disposition: Open, Options: Synchronous IO Non-Alert, Non-Directory File, Attributes: N, ShareMode: Read, AllocationSize: n/a, OpenResult: Opened"
"10:56:06,2554060","gandcrab_v4.exe","3160","QueryBasicInformationFile","C:\Windows\apppatch\sysmain.sdb","SUCCESS","CreationTime: 25/04/2022 10:22:34, LastAccessTime: 25/04/2022 10:56:06, LastWriteTime: 25/04/2022 10:22:34, ChangeTime: 25/04/2022 10:39:09, FileAttributes: A"
"10:56:06,2556430","gandcrab_v4.exe","3160","CloseFile","C:\Windows\apppatch\sysmain.sdb","SUCCESS",""
"10:56:06,2562838","gandcrab_v4.exe","3160","QueryBasicInformationFile","C:\Users\Cuckoo\Downloads\gandcrab_v4.exe","SUCCESS","CreationTime: 25/04/2022 08:00:46, LastAccessTime: 25/04/2022 10:56:06, LastWriteTime: 25/04/2022 10:52:14, ChangeTime: 25/04/2022 10:52:14, FileAttributes: A"
"10:56:06,2576068","gandcrab_v4.exe","3160","CloseFile","C:\Users\Cuckoo\Downloads\gandcrab_v4.exe","SUCCESS",""
"10:56:06,2582160","gandcrab_v4.exe","3160","CreateFile","C:\Users\Cuckoo\Downloads\gandcrab_v4.exe","SUCCESS","Desired Access: Generic Read, Disposition: Open, Options: Synchronous IO Non-Alert, Non-Directory File, Attributes: N, ShareMode: Read, AllocationSize: n/a, OpenResult: Opened"
"10:56:06,2585623","gandcrab_v4.exe","3160","RegOpenKey","HKCU\Software\Microsoft\Windows\CurrentVersion\Explorer\Shell Folders","SUCCESS","Desired Access: Query Value"
"10:56:06,2586891","gandcrab_v4.exe","3160","RegSetInfoKey","HKCU\SOFTWARE\Microsoft\Windows\CurrentVersion\Explorer\Shell Folders","SUCCESS","KeySetInformationClass: KeySetHandleTagsInformation, Length: 0"
"10:56:06,2587293","gandcrab_v4.exe","3160","RegQueryValue","HKCU\SOFTWARE\Microsoft\Windows\CurrentVersion\Explorer\Shell Folders\Cache","SUCCESS","Type: REG_SZ, Length: 116, Data: C:\Users\Cuckoo\AppData\Local\Microsoft\Windows\INetCache"
"10:56:06,2587847","gandcrab_v4.exe","3160","RegCloseKey","HKCU\SOFTWARE\Microsoft\Windows\CurrentVersion\Explorer\Shell Folders","SUCCESS",""
"10:56:06,2593113","gandcrab_v4.exe","3160","QuerySecurityFile","C:\Users\Cuckoo\Downloads\gandcrab_v4.exe","SUCCESS","Information: Owner, Group, DACL, SACL, Label, Attribute, Process Trust Label, 0x100"
"10:56:06,2593641","gandcrab_v4.exe","3160","QueryBasicInformationFile","C:\Users\Cuckoo\Downloads\gandcrab_v4.exe","SUCCESS","CreationTime: 25/04/2022 08:00:46, LastAccessTime: 25/04/2022 10:56:06, LastWriteTime: 25/04/2022 10:52:14, ChangeTime: 25/04/2022 10:52:14, FileAttributes: A"
"10:56:06,2594348","gandcrab_v4.exe","3160","CloseFile","C:\Users\Cuckoo\Downloads\gandcrab_v4.exe","SUCCESS",""
"10:56:06,2601813","gandcrab_v4.exe","3160","RegOpenKey","HKLM\SYSTEM\CurrentControlSet\Control\Session Manager","REPARSE","Desired Access: Query Value, Enumerate Sub Keys"
"10:56:06,2602598","gandcrab_v4.exe","3160","RegOpenKey","HKLM\System\CurrentControlSet\Control\Session Manager","SUCCESS","Desired Access: Query Value, Enumerate Sub Keys"
"10:56:06,2603060","gandcrab_v4.exe","3160","RegSetInfoKey","HKLM\System\CurrentControlSet\Control\Session Manager","SUCCESS","KeySetInformationClass: KeySetHandleTagsInformation, Length: 0"
"10:56:06,2603295","gandcrab_v4.exe","3160","RegQueryValue","HKLM\System\CurrentControlSet\Control\Session Manager\ResourcePolicies","NAME NOT FOUND","Length: 24"
"10:56:06,2603610","gandcrab_v4.exe","3160","RegCloseKey","HKLM\System\CurrentControlSet\Control\Session Manager","SUCCESS",""
"10:56:06,2611524","gandcrab_v4.exe","3160","CloseFile","C:\Windows\apppatch\sysmain.sdb","SUCCESS",""
"10:56:06,2621415","gandcrab_v4.exe","3160","CreateFile","C:\Users\Cuckoo\Downloads\gandcrab_v4.exe","SUCCESS","Desired Access: Generic Read, Disposition: Open, Options: Synchronous IO Non-Alert, Non-Directory File, Attributes: N, ShareMode: Read, AllocationSize: n/a, OpenResult: Opened"
"10:56:06,2627936","gandcrab_v4.exe","3160","RegOpenKey","HKCU\Software\Microsoft\Windows\CurrentVersion\Explorer\Shell Folders","SUCCESS","Desired Access: Query Value"
"10:56:06,2629369","gandcrab_v4.exe","3160","RegSetInfoKey","HKCU\SOFTWARE\Microsoft\Windows\CurrentVersion\Explorer\Shell Folders","SUCCESS","KeySetInformationClass: KeySetHandleTagsInformation, Length: 0"
"10:56:06,2629716","gandcrab_v4.exe","3160","RegQueryValue","HKCU\SOFTWARE\Microsoft\Windows\CurrentVersion\Explorer\Shell Folders\Cache","SUCCESS","Type: REG_SZ, Length: 116, Data: C:\Users\Cuckoo\AppData\Local\Microsoft\Windows\INetCache"
"10:56:06,2630224","gandcrab_v4.exe","3160","RegCloseKey","HKCU\SOFTWARE\Microsoft\Windows\CurrentVersion\Explorer\Shell Folders","SUCCESS",""
"10:56:06,2631511","gandcrab_v4.exe","3160","QuerySecurityFile","C:\Users\Cuckoo\Downloads\gandcrab_v4.exe","SUCCESS","Information: Owner, Group, DACL, SACL, Label, Attribute, Process Trust Label, 0x100"
"10:56:06,2635753","gandcrab_v4.exe","3160","CreateFile","C:\Windows\apppatch\sysmain.sdb","SUCCESS","Desired Access: Generic Read, Disposition: Open, Options: Synchronous IO Non-Alert, Non-Directory File, Attributes: N, ShareMode: Read, AllocationSize: n/a, OpenResult: Opened"
"10:56:06,2637091","gandcrab_v4.exe","3160","QueryBasicInformationFile","C:\Windows\apppatch\sysmain.sdb","SUCCESS","CreationTime: 25/04/2022 10:22:34, LastAccessTime: 25/04/2022 10:56:06, LastWriteTime: 25/04/2022 10:22:34, ChangeTime: 25/04/2022 10:39:09, FileAttributes: A"
"10:56:06,2637284","gandcrab_v4.exe","3160","CloseFile","C:\Windows\apppatch\sysmain.sdb","SUCCESS",""
"10:56:06,2637984","gandcrab_v4.exe","3160","QueryBasicInformationFile","C:\Users\Cuckoo\Downloads\gandcrab_v4.exe","SUCCESS","CreationTime: 25/04/2022 08:00:46, LastAccessTime: 25/04/2022 10:56:06, LastWriteTime: 25/04/2022 10:52:14, ChangeTime: 25/04/2022 10:52:14, FileAttributes: A"
"10:56:06,2638828","gandcrab_v4.exe","3160","CloseFile","C:\Users\Cuckoo\Downloads\gandcrab_v4.exe","SUCCESS",""
"10:56:06,2640063","gandcrab_v4.exe","3160","RegOpenKey","HKLM\Software\Microsoft\Windows NT\CurrentVersion\AppCompatFlags\Disable8And16BitMitigation","NAME NOT FOUND","Desired Access: Read"
"10:56:06,2648417","gandcrab_v4.exe","3160","ReadFile","C:\Windows\SysWOW64\apphelp.dll","SUCCESS","Offset: 463.872, Length: 32.768, I/O Flags: Non-cached, Paging I/O, Synchronous Paging I/O, Priority: Normal"
"10:56:06,2661948","gandcrab_v4.exe","3160","RegOpenKey","HKLM\SYSTEM\CurrentControlSet\Control\Nls\CustomLocale","REPARSE","Desired Access: Query Value"
"10:56:06,2662352","gandcrab_v4.exe","3160","RegOpenKey","HKLM\System\CurrentControlSet\Control\Nls\CustomLocale","SUCCESS","Desired Access: Query Value"
"10:56:06,2662862","gandcrab_v4.exe","3160","RegSetInfoKey","HKLM\System\CurrentControlSet\Control\Nls\CustomLocale","SUCCESS","KeySetInformationClass: KeySetHandleTagsInformation, Length: 0"
"10:56:06,2663027","gandcrab_v4.exe","3160","RegQueryValue","HKLM\System\CurrentControlSet\Control\Nls\CustomLocale\EMPTY","NAME NOT FOUND","Length: 120"
"10:56:06,2663304","gandcrab_v4.exe","3160","RegQueryValue","HKLM\System\CurrentControlSet\Control\Nls\CustomLocale\EMPTY","NAME NOT FOUND","Length: 120"
"10:56:06,2665608","gandcrab_v4.exe","3160","RegOpenKey","HKLM\System\CurrentControlSet\Control\NLS\Language","REPARSE","Desired Access: Read"
"10:56:06,2665924","gandcrab_v4.exe","3160","RegOpenKey","HKLM\System\CurrentControlSet\Control\NLS\Language","SUCCESS","Desired Access: Read"
"10:56:06,2666372","gandcrab_v4.exe","3160","RegSetInfoKey","HKLM\System\CurrentControlSet\Control\Nls\Language","SUCCESS","KeySetInformationClass: KeySetHandleTagsInformation, Length: 0"
"10:56:06,2666908","gandcrab_v4.exe","3160","RegQueryValue","HKLM\System\CurrentControlSet\Control\Nls\Language\InstallLanguageFallback","BUFFER OVERFLOW","Length: 16"
"10:56:06,2667132","gandcrab_v4.exe","3160","RegCloseKey","HKLM\System\CurrentControlSet\Control\Nls\Language","SUCCESS",""
"10:56:06,2667388","gandcrab_v4.exe","3160","RegOpenKey","HKLM\OSDATA\System\CurrentControlSet\Control\MUI\UILanguages","NAME NOT FOUND","Desired Access: Read"
"10:56:06,2667752","gandcrab_v4.exe","3160","RegOpenKey","HKLM\System\CurrentControlSet\Control\MUI\UILanguages","REPARSE","Desired Access: Read"
"10:56:06,2667915","gandcrab_v4.exe","3160","RegOpenKey","HKLM\System\CurrentControlSet\Control\MUI\UILanguages","SUCCESS","Desired Access: Read"
"10:56:06,2668211","gandcrab_v4.exe","3160","RegSetInfoKey","HKLM\System\CurrentControlSet\Control\MUI\UILanguages","SUCCESS","KeySetInformationClass: KeySetHandleTagsInformation, Length: 0"
"10:56:06,2668365","gandcrab_v4.exe","3160","RegEnumKey","HKLM\System\CurrentControlSet\Control\MUI\UILanguages","SUCCESS","Index: 0, Name: en-GB"
"10:56:06,2668644","gandcrab_v4.exe","3160","RegQueryKey","HKLM\System\CurrentControlSet\Control\MUI\UILanguages","SUCCESS","Query: HandleTags, HandleTags: 0x400"
"10:56:06,2668788","gandcrab_v4.exe","3160","RegOpenKey","HKLM\System\CurrentControlSet\Control\MUI\UILanguages\en-GB","SUCCESS","Desired Access: Read"
"10:56:06,2669047","gandcrab_v4.exe","3160","RegQueryValue","HKLM\System\CurrentControlSet\Control\MUI\UILanguages\en-GB\Type","SUCCESS","Type: REG_DWORD, Length: 4, Data: 274"
"10:56:06,2669551","gandcrab_v4.exe","3160","RegQueryValue","HKLM\System\CurrentControlSet\Control\MUI\UILanguages\en-GB\DefaultFallback","SUCCESS","Type: REG_SZ, Length: 12, Data: en-US"
"10:56:06,2669711","gandcrab_v4.exe","3160","RegQueryValue","HKLM\System\CurrentControlSet\Control\MUI\UILanguages\en-GB\en-US","SUCCESS","Type: REG_MULTI_SZ, Length: 4, Data: "
"10:56:06,2669885","gandcrab_v4.exe","3160","RegEnumValue","HKLM\System\CurrentControlSet\Control\MUI\UILanguages\en-GB","SUCCESS","Index: 0, Name: DefaultFallback, Type: REG_SZ, Length: 12, Data: en-US"
"10:56:06,2670042","gandcrab_v4.exe","3160","RegEnumValue","HKLM\System\CurrentControlSet\Control\MUI\UILanguages\en-GB","SUCCESS","Index: 1, Name: en-US, Type: REG_MULTI_SZ, Length: 4, Data: "
"10:56:06,2670175","gandcrab_v4.exe","3160","RegEnumValue","HKLM\System\CurrentControlSet\Control\MUI\UILanguages\en-GB","SUCCESS","Index: 2, Name: LCID, Type: REG_DWORD, Length: 4, Data: 2057"
"10:56:06,2670301","gandcrab_v4.exe","3160","RegEnumValue","HKLM\System\CurrentControlSet\Control\MUI\UILanguages\en-GB","SUCCESS","Index: 3, Name: Type, Type: REG_DWORD, Length: 4, Data: 274"
"10:56:06,2670425","gandcrab_v4.exe","3160","RegEnumValue","HKLM\System\CurrentControlSet\Control\MUI\UILanguages\en-GB","NO MORE ENTRIES","Index: 4, Length: 512"
"10:56:06,2670564","gandcrab_v4.exe","3160","RegQueryValue","HKLM\System\CurrentControlSet\Control\MUI\UILanguages\en-GB\AlternateCodePage","NAME NOT FOUND","Length: 12"
"10:56:06,2670724","gandcrab_v4.exe","3160","RegCloseKey","HKLM\System\CurrentControlSet\Control\MUI\UILanguages\en-GB","SUCCESS",""
"10:56:06,2671230","gandcrab_v4.exe","3160","RegEnumKey","HKLM\System\CurrentControlSet\Control\MUI\UILanguages","NO MORE ENTRIES","Index: 1, Length: 512"
"10:56:06,2671383","gandcrab_v4.exe","3160","RegCloseKey","HKLM\System\CurrentControlSet\Control\MUI\UILanguages","SUCCESS",""
"10:56:06,2671619","gandcrab_v4.exe","3160","RegOpenKey","HKLM\System\CurrentControlSet\Control\MUI\UILanguages\PendingDelete","REPARSE","Desired Access: Read"
"10:56:06,2671813","gandcrab_v4.exe","3160","RegOpenKey","HKLM\System\CurrentControlSet\Control\MUI\UILanguages\PendingDelete","NAME NOT FOUND","Desired Access: Read"
"10:56:06,2672245","gandcrab_v4.exe","3160","RegOpenKey","HKLM\Software\WOW6432Node\Policies\Microsoft\MUI\Settings","REPARSE","Desired Access: Read"
"10:56:06,2673108","gandcrab_v4.exe","3160","RegOpenKey","HKLM\SOFTWARE\Policies\Microsoft\MUI\Settings","NAME NOT FOUND","Desired Access: Read"
"10:56:06,2673847","gandcrab_v4.exe","3160","RegOpenKey","HKCU","SUCCESS","Desired Access: Maximum Allowed, Granted Access: All Access"
"10:56:06,2674665","gandcrab_v4.exe","3160","RegQueryKey","HKCU","SUCCESS","Query: HandleTags, HandleTags: 0x0"
"10:56:06,2674905","gandcrab_v4.exe","3160","RegQueryKey","HKCU","SUCCESS","Query: Name"
"10:56:06,2675276","gandcrab_v4.exe","3160","RegOpenKey","HKCU\Control Panel\Desktop\MuiCached\MachineLanguageConfiguration","NAME NOT FOUND","Desired Access: Read"
"10:56:06,2675930","gandcrab_v4.exe","3160","RegOpenKey","HKLM\System\CurrentControlSet\Control\MUI\Settings\LanguageConfiguration","REPARSE","Desired Access: Read"
"10:56:06,2676485","gandcrab_v4.exe","3160","RegOpenKey","HKLM\System\CurrentControlSet\Control\MUI\Settings\LanguageConfiguration","SUCCESS","Desired Access: Read"
"10:56:06,2676928","gandcrab_v4.exe","3160","RegSetInfoKey","HKLM\System\CurrentControlSet\Control\MUI\Settings\LanguageConfiguration","SUCCESS","KeySetInformationClass: KeySetHandleTagsInformation, Length: 0"
"10:56:06,2677104","gandcrab_v4.exe","3160","RegEnumValue","HKLM\System\CurrentControlSet\Control\MUI\Settings\LanguageConfiguration","NO MORE ENTRIES","Index: 0, Length: 512"
"10:56:06,2677376","gandcrab_v4.exe","3160","RegCloseKey","HKLM\System\CurrentControlSet\Control\MUI\Settings\LanguageConfiguration","SUCCESS",""
"10:56:06,2677895","gandcrab_v4.exe","3160","RegCloseKey","HKCU","SUCCESS",""
"10:56:06,2678242","gandcrab_v4.exe","3160","RegOpenKey","HKLM\Software\WOW6432Node\Policies\Microsoft\MUI\Settings","REPARSE","Desired Access: Read"
"10:56:06,2678811","gandcrab_v4.exe","3160","RegOpenKey","HKLM\SOFTWARE\Policies\Microsoft\MUI\Settings","NAME NOT FOUND","Desired Access: Read"
"10:56:06,2679364","gandcrab_v4.exe","3160","RegOpenKey","HKCU","SUCCESS","Desired Access: Maximum Allowed, Granted Access: All Access"
"10:56:06,2679799","gandcrab_v4.exe","3160","RegQueryKey","HKCU","SUCCESS","Query: HandleTags, HandleTags: 0x0"
"10:56:06,2679991","gandcrab_v4.exe","3160","RegQueryKey","HKCU","SUCCESS","Query: Name"
"10:56:06,2680313","gandcrab_v4.exe","3160","RegOpenKey","HKCU\Software\Policies\Microsoft\Control Panel\Desktop","NAME NOT FOUND","Desired Access: Read"
"10:56:06,2680827","gandcrab_v4.exe","3160","RegQueryKey","HKCU","SUCCESS","Query: HandleTags, HandleTags: 0x0"
"10:56:06,2681260","gandcrab_v4.exe","3160","RegQueryKey","HKCU","SUCCESS","Query: Name"
"10:56:06,2681549","gandcrab_v4.exe","3160","RegOpenKey","HKCU\Control Panel\Desktop\LanguageConfiguration","NAME NOT FOUND","Desired Access: Read"
"10:56:06,2681814","gandcrab_v4.exe","3160","RegCloseKey","HKCU","SUCCESS",""
"10:56:06,2682130","gandcrab_v4.exe","3160","RegOpenKey","HKLM\Software\WOW6432Node\Policies\Microsoft\MUI\Settings","REPARSE","Desired Access: Read"
"10:56:06,2682545","gandcrab_v4.exe","3160","RegOpenKey","HKLM\SOFTWARE\Policies\Microsoft\MUI\Settings","NAME NOT FOUND","Desired Access: Read"
"10:56:06,2683183","gandcrab_v4.exe","3160","RegOpenKey","HKCU","SUCCESS","Desired Access: Maximum Allowed, Granted Access: All Access"
"10:56:06,2683521","gandcrab_v4.exe","3160","RegQueryKey","HKCU","SUCCESS","Query: HandleTags, HandleTags: 0x0"
"10:56:06,2683692","gandcrab_v4.exe","3160","RegQueryKey","HKCU","SUCCESS","Query: Name"
"10:56:06,2683975","gandcrab_v4.exe","3160","RegOpenKey","HKCU\Software\Policies\Microsoft\Control Panel\Desktop","NAME NOT FOUND","Desired Access: Read"
"10:56:06,2684302","gandcrab_v4.exe","3160","RegQueryKey","HKCU","SUCCESS","Query: HandleTags, HandleTags: 0x0"
"10:56:06,2684732","gandcrab_v4.exe","3160","RegQueryKey","HKCU","SUCCESS","Query: Name"
"10:56:06,2685055","gandcrab_v4.exe","3160","RegOpenKey","HKCU\Control Panel\Desktop","SUCCESS","Desired Access: Read"
"10:56:06,2685317","gandcrab_v4.exe","3160","RegSetInfoKey","HKCU\Control Panel\Desktop","SUCCESS","KeySetInformationClass: KeySetHandleTagsInformation, Length: 0"
"10:56:06,2685546","gandcrab_v4.exe","3160","RegQueryValue","HKCU\Control Panel\Desktop\PreferredUILanguages","NAME NOT FOUND","Length: 12"
"10:56:06,2685901","gandcrab_v4.exe","3160","RegCloseKey","HKCU\Control Panel\Desktop","SUCCESS",""
"10:56:06,2686106","gandcrab_v4.exe","3160","RegCloseKey","HKCU","SUCCESS",""
"10:56:06,2686482","gandcrab_v4.exe","3160","RegOpenKey","HKLM\Software\WOW6432Node\Policies\Microsoft\MUI\Settings","REPARSE","Desired Access: Read"
"10:56:06,2686933","gandcrab_v4.exe","3160","RegOpenKey","HKLM\SOFTWARE\Policies\Microsoft\MUI\Settings","NAME NOT FOUND","Desired Access: Read"
"10:56:06,2687430","gandcrab_v4.exe","3160","RegOpenKey","HKCU","SUCCESS","Desired Access: Maximum Allowed, Granted Access: All Access"
"10:56:06,2687756","gandcrab_v4.exe","3160","RegQueryKey","HKCU","SUCCESS","Query: HandleTags, HandleTags: 0x0"
"10:56:06,2688122","gandcrab_v4.exe","3160","RegQueryKey","HKCU","SUCCESS","Query: Name"
"10:56:06,2688407","gandcrab_v4.exe","3160","RegOpenKey","HKCU\Control Panel\Desktop\MuiCached","SUCCESS","Desired Access: Read"
"10:56:06,2688711","gandcrab_v4.exe","3160","RegSetInfoKey","HKCU\Control Panel\Desktop\MuiCached","SUCCESS","KeySetInformationClass: KeySetHandleTagsInformation, Length: 0"
"10:56:06,2688911","gandcrab_v4.exe","3160","RegQueryValue","HKCU\Control Panel\Desktop\MuiCached\MachinePreferredUILanguages","BUFFER OVERFLOW","Length: 12"
"10:56:06,2689154","gandcrab_v4.exe","3160","RegQueryValue","HKCU\Control Panel\Desktop\MuiCached\MachinePreferredUILanguages","SUCCESS","Type: REG_MULTI_SZ, Length: 12, Data: en-GB"
"10:56:06,2689463","gandcrab_v4.exe","3160","RegCloseKey","HKCU\Control Panel\Desktop\MuiCached","SUCCESS",""
"10:56:06,2689682","gandcrab_v4.exe","3160","RegCloseKey","HKCU","SUCCESS",""
"10:56:06,2703676","gandcrab_v4.exe","3160","Load Image","C:\Windows\SysWOW64\msvcrt.dll","SUCCESS","Image Base: 0x75c80000, Image Size: 0xbf000"
"10:56:06,2708867","gandcrab_v4.exe","3160","Thread Create","","SUCCESS","Thread ID: 7964"
"10:56:06,2716647","gandcrab_v4.exe","3160","CreateFile","C:\Windows\SysWOW64\msvcrt.dll","SUCCESS","Desired Access: Read Control, Disposition: Open, Options: , Attributes: n/a, ShareMode: Read, Delete, AllocationSize: n/a, OpenResult: Opened"
"10:56:06,2719281","gandcrab_v4.exe","3160","QuerySecurityFile","C:\Windows\SysWOW64\msvcrt.dll","BUFFER OVERFLOW","Information: Owner"
"10:56:06,2719602","gandcrab_v4.exe","3160","QuerySecurityFile","C:\Windows\SysWOW64\msvcrt.dll","SUCCESS","Information: Owner"
"10:56:06,2719877","gandcrab_v4.exe","3160","CloseFile","C:\Windows\SysWOW64\msvcrt.dll","SUCCESS",""
"10:56:06,2722487","gandcrab_v4.exe","3160","RegOpenKey","HKLM\Software\WOW6432Node\Microsoft\Windows NT\CurrentVersion\Image File Execution Options","REPARSE","Desired Access: Query Value, Enumerate Sub Keys"
"10:56:06,2723946","gandcrab_v4.exe","3160","RegOpenKey","HKLM\SOFTWARE\Microsoft\Windows NT\CurrentVersion\Image File Execution Options","SUCCESS","Desired Access: Query Value, Enumerate Sub Keys"
"10:56:06,2724507","gandcrab_v4.exe","3160","RegSetInfoKey","HKLM\SOFTWARE\Microsoft\Windows NT\CurrentVersion\Image File Execution Options","SUCCESS","KeySetInformationClass: KeySetHandleTagsInformation, Length: 0"
"10:56:06,2724917","gandcrab_v4.exe","3160","RegQueryKey","HKLM\SOFTWARE\Microsoft\Windows NT\CurrentVersion\Image File Execution Options","SUCCESS","Query: HandleTags, HandleTags: 0x400"
"10:56:06,2725179","gandcrab_v4.exe","3160","RegOpenKey","HKLM\SOFTWARE\Microsoft\Windows NT\CurrentVersion\Image File Execution Options\DllNXOptions","NAME NOT FOUND","Desired Access: Query Value, Enumerate Sub Keys"
"10:56:06,2731276","gandcrab_v4.exe","3160","RegOpenKey","HKLM\System\CurrentControlSet\Control\Nls\Sorting\Versions","REPARSE","Desired Access: Read"
"10:56:06,2731656","gandcrab_v4.exe","3160","RegOpenKey","HKLM\System\CurrentControlSet\Control\Nls\Sorting\Versions","SUCCESS","Desired Access: Read"
"10:56:06,2732002","gandcrab_v4.exe","3160","RegSetInfoKey","HKLM\System\CurrentControlSet\Control\Nls\Sorting\Versions","SUCCESS","KeySetInformationClass: KeySetHandleTagsInformation, Length: 0"
"10:56:06,2732229","gandcrab_v4.exe","3160","RegQueryValue","HKLM\System\CurrentControlSet\Control\Nls\Sorting\Versions\(Default)","SUCCESS","Type: REG_SZ, Length: 18, Data: 00060305"
"10:56:06,2732603","gandcrab_v4.exe","3160","RegQueryValue","HKLM\System\CurrentControlSet\Control\Nls\Sorting\Versions\000603xx","SUCCESS","Type: REG_SZ, Length: 26, Data: kernel32.dll"
"10:56:06,2738164","gandcrab_v4.exe","3160","QueryNameInformationFile","C:\Users\Cuckoo\Downloads\gandcrab_v4.exe","SUCCESS","Name: \Users\Cuckoo\Downloads\gandcrab_v4.exe"
"10:56:06,8041672","gandcrab_v4.exe","3160","CreateFile","C:\Users\Cuckoo\Downloads\gandcrab_v4.exe","SUCCESS","Desired Access: Generic Read, Disposition: Open, Options: Synchronous IO Non-Alert, Non-Directory File, Attributes: N, ShareMode: Read, Write, AllocationSize: n/a, OpenResult: Opened"
"10:56:06,8043257","gandcrab_v4.exe","3160","ReadFile","C:\Users\Cuckoo\Downloads\gandcrab_v4.exe","SUCCESS","Offset: 0, Length: 4.096, Priority: Normal"
"10:56:06,8044582","gandcrab_v4.exe","3160","CloseFile","C:\Users\Cuckoo\Downloads\gandcrab_v4.exe","SUCCESS",""
"10:56:06,8046419","gandcrab_v4.exe","3160","CreateFile","C:\Users\Cuckoo\Downloads\gandcrab_v4.exe","SUCCESS","Desired Access: Generic Read, Disposition: Open, Options: Synchronous IO Non-Alert, Non-Directory File, Attributes: N, ShareMode: Read, Write, AllocationSize: n/a, OpenResult: Opened"
"10:56:06,8047023","gandcrab_v4.exe","3160","ReadFile","C:\Users\Cuckoo\Downloads\gandcrab_v4.exe","SUCCESS","Offset: 221.017, Length: 4.096, Priority: Normal"
"10:56:06,8050289","gandcrab_v4.exe","3160","ReadFile","C:\Users\Cuckoo\Downloads\gandcrab_v4.exe","SUCCESS","Offset: 225.113, Length: 323.584"
"10:56:06,8052500","gandcrab_v4.exe","3160","ReadFile","C:\Users\Cuckoo\Downloads\gandcrab_v4.exe","SUCCESS","Offset: 548.697, Length: 1.821"
"10:56:06,8052777","gandcrab_v4.exe","3160","CloseFile","C:\Users\Cuckoo\Downloads\gandcrab_v4.exe","SUCCESS",""
"10:56:06,8056274","gandcrab_v4.exe","3160","CreateFile","C:\Users\Cuckoo\Downloads\gandcrab_v4.exe","SUCCESS","Desired Access: Generic Read, Disposition: Open, Options: Synchronous IO Non-Alert, Non-Directory File, Attributes: N, ShareMode: Read, Write, AllocationSize: n/a, OpenResult: Opened"
"10:56:06,8056964","gandcrab_v4.exe","3160","QueryStandardInformationFile","C:\Users\Cuckoo\Downloads\gandcrab_v4.exe","SUCCESS","AllocationSize: 552.960, EndOfFile: 550.518, NumberOfLinks: 1, DeletePending: False, Directory: False"
"10:56:06,8061971","gandcrab_v4.exe","3160","ReadFile","C:\Users\Cuckoo\Downloads\gandcrab_v4.exe","SUCCESS","Offset: 0, Length: 548.864, Priority: Normal"
"10:56:06,8064030","gandcrab_v4.exe","3160","ReadFile","C:\Users\Cuckoo\Downloads\gandcrab_v4.exe","SUCCESS","Offset: 548.864, Length: 1.654"
"10:56:06,8064671","gandcrab_v4.exe","3160","CloseFile","C:\Users\Cuckoo\Downloads\gandcrab_v4.exe","SUCCESS",""
"10:56:06,8076530","gandcrab_v4.exe","3160","CreateFile","C:\Users\Cuckoo\Downloads\gandcrab_v4.exe","SUCCESS","Desired Access: Read Attributes, Disposition: Open, Options: Open Reparse Point, Attributes: n/a, ShareMode: Read, Write, Delete, AllocationSize: n/a, OpenResult: Opened"
"10:56:06,8077158","gandcrab_v4.exe","3160","QueryBasicInformationFile","C:\Users\Cuckoo\Downloads\gandcrab_v4.exe","SUCCESS","CreationTime: 25/04/2022 08:00:46, LastAccessTime: 25/04/2022 10:56:06, LastWriteTime: 25/04/2022 10:52:14, ChangeTime: 25/04/2022 10:52:14, FileAttributes: A"
"10:56:06,8077347","gandcrab_v4.exe","3160","CloseFile","C:\Users\Cuckoo\Downloads\gandcrab_v4.exe","SUCCESS",""
"10:56:06,8080214","gandcrab_v4.exe","3160","CreateFile","C:\Users\Cuckoo\Downloads\gandcrab_v4.exe","SUCCESS","Desired Access: Read Attributes, Disposition: Open, Options: Open Reparse Point, Attributes: n/a, ShareMode: Read, Write, Delete, AllocationSize: n/a, OpenResult: Opened"
"10:56:06,8080540","gandcrab_v4.exe","3160","QueryBasicInformationFile","C:\Users\Cuckoo\Downloads\gandcrab_v4.exe","SUCCESS","CreationTime: 25/04/2022 08:00:46, LastAccessTime: 25/04/2022 10:56:06, LastWriteTime: 25/04/2022 10:52:14, ChangeTime: 25/04/2022 10:52:14, FileAttributes: A"
"10:56:06,8080683","gandcrab_v4.exe","3160","CloseFile","C:\Users\Cuckoo\Downloads\gandcrab_v4.exe","SUCCESS",""
"10:56:06,8084089","gandcrab_v4.exe","3160","Load Image","C:\Windows\SysWOW64\sechost.dll","SUCCESS","Image Base: 0x765d0000, Image Size: 0x76000"
"10:56:06,8088289","gandcrab_v4.exe","3160","Load Image","C:\Windows\SysWOW64\rpcrt4.dll","SUCCESS","Image Base: 0x77080000, Image Size: 0xbe000"
"10:56:06,8095995","gandcrab_v4.exe","3160","Thread Create","","SUCCESS","Thread ID: 8264"
"10:56:06,8096619","gandcrab_v4.exe","3160","CreateFile","C:\Windows\SysWOW64\rpcrt4.dll","SUCCESS","Desired Access: Read Control, Disposition: Open, Options: , Attributes: n/a, ShareMode: Read, Delete, AllocationSize: n/a, OpenResult: Opened"
"10:56:06,8098197","gandcrab_v4.exe","3160","QuerySecurityFile","C:\Windows\SysWOW64\rpcrt4.dll","BUFFER OVERFLOW","Information: Owner"
"10:56:06,8098528","gandcrab_v4.exe","3160","QuerySecurityFile","C:\Windows\SysWOW64\rpcrt4.dll","SUCCESS","Information: Owner"
"10:56:06,8098854","gandcrab_v4.exe","3160","CloseFile","C:\Windows\SysWOW64\rpcrt4.dll","SUCCESS",""
"10:56:06,8101378","gandcrab_v4.exe","3160","CreateFile","C:\Windows\SysWOW64\sechost.dll","SUCCESS","Desired Access: Read Control, Disposition: Open, Options: , Attributes: n/a, ShareMode: Read, Delete, AllocationSize: n/a, OpenResult: Opened"
"10:56:06,8102683","gandcrab_v4.exe","3160","QuerySecurityFile","C:\Windows\SysWOW64\sechost.dll","BUFFER OVERFLOW","Information: Owner"
"10:56:06,8102859","gandcrab_v4.exe","3160","QuerySecurityFile","C:\Windows\SysWOW64\sechost.dll","SUCCESS","Information: Owner"
"10:56:06,8103009","gandcrab_v4.exe","3160","CloseFile","C:\Windows\SysWOW64\sechost.dll","SUCCESS",""
"10:56:06,8106218","gandcrab_v4.exe","3160","RegQueryValue","HKLM\System\CurrentControlSet\Control\WMI\Security\ca967c75-04bf-40b5-9a16-98b5f9332a92","NAME NOT FOUND","Length: 528"
"10:56:06,8108786","gandcrab_v4.exe","3160","RegQueryValue","HKLM\System\CurrentControlSet\Control\WMI\Security\b6fd710b-f783-4b1c-ab9c-c68099dcc0c7","NAME NOT FOUND","Length: 528"
"10:56:06,8110475","gandcrab_v4.exe","3160","RegQueryKey","HKLM\SOFTWARE\Microsoft\Windows NT\CurrentVersion\Image File Execution Options","SUCCESS","Query: HandleTags, HandleTags: 0x400"
"10:56:06,8110711","gandcrab_v4.exe","3160","RegOpenKey","HKLM\SOFTWARE\Microsoft\Windows NT\CurrentVersion\Image File Execution Options\gandcrab_v4.exe","NAME NOT FOUND","Desired Access: Query Value, Enumerate Sub Keys"
"10:56:06,8111510","gandcrab_v4.exe","3160","RegOpenKey","HKLM\Software\Microsoft\Wow64\x86\xtajit","NAME NOT FOUND","Desired Access: Query Value"
"10:56:06,8114420","gandcrab_v4.exe","3160","CreateFile","C:\Users\Cuckoo\Downloads\gandcrab_v4.exe","SUCCESS","Desired Access: Read Data/List Directory, Execute/Traverse, Read Attributes, Synchronize, Disposition: Open, Options: Synchronous IO Non-Alert, Non-Directory File, Attributes: N, ShareMode: Read, Delete, AllocationSize: n/a, OpenResult: Opened"
"10:56:06,8115664","gandcrab_v4.exe","3160","CreateFileMapping","C:\Users\Cuckoo\Downloads\gandcrab_v4.exe","SUCCESS","SyncType: SyncTypeOther"
"10:56:06,8117864","gandcrab_v4.exe","3160","CreateFileMapping","C:\Users\Cuckoo\Downloads\gandcrab_v4.exe","FILE LOCKED WITH ONLY READERS","SyncType: SyncTypeCreateSection, PageProtection: PAGE_EXECUTE|PAGE_NOCACHE"
"10:56:06,8118213","gandcrab_v4.exe","3160","CreateFileMapping","C:\Users\Cuckoo\Downloads\gandcrab_v4.exe","SUCCESS","SyncType: SyncTypeOther"
"10:56:06,8118984","gandcrab_v4.exe","3160","RegOpenKey","HKLM\SOFTWARE\Microsoft\Windows NT\CurrentVersion\Image File Execution Options\gandcrab_v4.exe","NAME NOT FOUND","Desired Access: Query Value, Enumerate Sub Keys"
"10:56:06,8120075","gandcrab_v4.exe","3160","QuerySecurityFile","C:\Users\Cuckoo\Downloads\gandcrab_v4.exe","SUCCESS","Information: Label"
"10:56:06,8120902","gandcrab_v4.exe","3160","QueryNameInformationFile","C:\Users\Cuckoo\Downloads\gandcrab_v4.exe","SUCCESS","Name: \Users\Cuckoo\Downloads\gandcrab_v4.exe"
"10:56:06,8130642","gandcrab_v4.exe","3160","RegOpenKey","HKLM\System\CurrentControlSet\Services\bam\State\UserSettings\S-1-5-21-714192414-4250913369-3940896113-1001","SUCCESS","Desired Access: All Access"
"10:56:06,8131661","gandcrab_v4.exe","3160","RegQueryValue","HKLM\System\CurrentControlSet\Services\bam\State\UserSettings\S-1-5-21-714192414-4250913369-3940896113-1001\\Device\HarddiskVolume2\Users\Cuckoo\Downloads\gandcrab_v4.exe","NAME NOT FOUND","Length: 40"
"10:56:06,8132194","gandcrab_v4.exe","3160","RegCloseKey","HKLM\System\CurrentControlSet\Services\bam\State\UserSettings\S-1-5-21-714192414-4250913369-3940896113-1001","SUCCESS",""
"10:56:06,8132471","gandcrab_v4.exe","3160","RegOpenKey","HKLM\SYSTEM\CurrentControlSet\Control\Session Manager\BAM","REPARSE","Desired Access: Query Value"
"10:56:06,8132901","gandcrab_v4.exe","3160","RegOpenKey","HKLM\System\CurrentControlSet\Control\Session Manager\BAM","NAME NOT FOUND","Desired Access: Query Value"
"10:56:06,8133601","gandcrab_v4.exe","3160","Process Create","C:\Users\Cuckoo\Downloads\gandcrab_v4.exe","SUCCESS","PID: 8312, Command line: C:\Users\Cuckoo\Downloads\gandcrab_v4.exe"
"10:56:06,8133707","gandcrab_v4.exe","8312","Process Start","","SUCCESS","Parent PID: 3160, Command line: C:\Users\Cuckoo\Downloads\gandcrab_v4.exe, Current directory: C:\Users\Cuckoo\Downloads\, Environment: ;	=::=::\;	ALLUSERSPROFILE=C:\ProgramData;	APPDATA=C:\Users\Cuckoo\AppData\Roaming;	CommonProgramFiles=C:\Program Files (x86)\Common Files;	CommonProgramFiles(x86)=C:\Program Files (x86)\Common Files;	CommonProgramW6432=C:\Program Files\Common Files;	COMPUTERNAME=DESKTOP-STRQU9T;	ComSpec=C:\Windows\system32\cmd.exe;	DriverData=C:\Windows\System32\Drivers\DriverData;	FPS_BROWSER_APP_PROFILE_STRING=Internet Explorer;	FPS_BROWSER_USER_PROFILE_STRING=Default;	HOMEDRIVE=C:;	HOMEPATH=\Users\Cuckoo;	LOCALAPPDATA=C:\Users\Cuckoo\AppData\Local;	LOGONSERVER=\\DESKTOP-STRQU9T;	NUMBER_OF_PROCESSORS=4;	OneDrive=C:\Users\Cuckoo\OneDrive;	OS=Windows_NT;	Path=C:\Python27\;C:\Python27\Scripts;C:\Windows\system32;C:\Windows;C:\Windows\System32\Wbem;C:\Windows\System32\WindowsPowerShell\v1.0\;C:\Windows\System32\OpenSSH\;C:\Users\Cuckoo\AppData\Local\Microsoft\WindowsApps;C:\Program Files\Python27;;	PATHEXT=.COM;.EXE;.BAT;.CMD;.VBS;.VBE;.JS;.JSE;.WSF;.WSH;.MSC;	PROCESSOR_ARCHITECTURE=x86;	PROCESSOR_ARCHITEW6432=AMD64;	PROCESSOR_IDENTIFIER=AMD64 Family 23 Model 24 Stepping 1, AuthenticAMD;	PROCESSOR_LEVEL=23;	PROCESSOR_REVISION=1801;	ProgramData=C:\ProgramData;	ProgramFiles=C:\Program Files (x86);	ProgramFiles(x86)=C:\Program Files (x86);	ProgramW6432=C:\Program Files;	PSModulePath=C:\Program Files\WindowsPowerShell\Modules;C:\Windows\system32\WindowsPowerShell\v1.0\Modules;	PUBLIC=C:\Users\Public;	SESSIONNAME=Console;	SystemDrive=C:;	SystemRoot=C:\Windows;	TEMP=C:\Users\Cuckoo\AppData\Local\Temp;	TMP=C:\Users\Cuckoo\AppData\Local\Temp;	USERDOMAIN=DESKTOP-STRQU9T;	USERDOMAIN_ROAMINGPROFILE=DESKTOP-STRQU9T;	USERNAME=Cuckoo;	USERPROFILE=C:\Users\Cuckoo;	windir=C:\Windows;	__COMPAT_LAYER=DetectorsAppHealth DetectorsWin7"
"10:56:06,8133802","gandcrab_v4.exe","8312","Thread Create","","SUCCESS","Thread ID: 8208"
"10:56:06,8135372","gandcrab_v4.exe","3160","RegOpenKey","HKLM\System\CurrentControlSet\Control\Session Manager\AppCertDlls","REPARSE","Desired Access: Query Value"
"10:56:06,8135588","gandcrab_v4.exe","3160","RegOpenKey","HKLM\System\CurrentControlSet\Control\Session Manager\AppCertDlls","NAME NOT FOUND","Desired Access: Query Value"
"10:56:06,8136177","gandcrab_v4.exe","3160","RegOpenKey","HKLM\System\CurrentControlSet\Control\SafeBoot\Option","REPARSE","Desired Access: Query Value, Set Value"
"10:56:06,8136502","gandcrab_v4.exe","3160","RegOpenKey","HKLM\System\CurrentControlSet\Control\SafeBoot\Option","NAME NOT FOUND","Desired Access: Query Value, Set Value"
"10:56:06,8136970","gandcrab_v4.exe","3160","RegOpenKey","HKLM\Software\WOW6432Node\Policies\Microsoft\Windows\Safer\CodeIdentifiers","REPARSE","Desired Access: Query Value"
"10:56:06,8137521","gandcrab_v4.exe","3160","RegOpenKey","HKLM\SOFTWARE\Policies\Microsoft\Windows\Safer\CodeIdentifiers","SUCCESS","Desired Access: Query Value"
"10:56:06,8137915","gandcrab_v4.exe","3160","RegSetInfoKey","HKLM\SOFTWARE\Policies\Microsoft\Windows\safer\codeidentifiers","SUCCESS","KeySetInformationClass: KeySetHandleTagsInformation, Length: 0"
"10:56:06,8138064","gandcrab_v4.exe","3160","RegQueryValue","HKLM\SOFTWARE\Policies\Microsoft\Windows\safer\codeidentifiers\TransparentEnabled","NAME NOT FOUND","Length: 80"
"10:56:06,8138227","gandcrab_v4.exe","3160","RegQueryValue","HKLM\SOFTWARE\Policies\Microsoft\Windows\safer\codeidentifiers\AuthenticodeEnabled","SUCCESS","Type: REG_DWORD, Length: 4, Data: 0"
"10:56:06,8138433","gandcrab_v4.exe","3160","RegCloseKey","HKLM\SOFTWARE\Policies\Microsoft\Windows\safer\codeidentifiers","SUCCESS",""
"10:56:06,8138861","gandcrab_v4.exe","3160","RegOpenKey","HKCU\Software\Policies\Microsoft\Windows\Safer\CodeIdentifiers","NAME NOT FOUND","Desired Access: Query Value"
"10:56:06,8140706","gandcrab_v4.exe","3160","RegOpenKey","HKCU\Software\Microsoft\Windows\CurrentVersion\Explorer\Shell Folders","SUCCESS","Desired Access: Query Value"
"10:56:06,8141042","gandcrab_v4.exe","3160","RegSetInfoKey","HKCU\SOFTWARE\Microsoft\Windows\CurrentVersion\Explorer\Shell Folders","SUCCESS","KeySetInformationClass: KeySetHandleTagsInformation, Length: 0"
"10:56:06,8141196","gandcrab_v4.exe","3160","RegQueryValue","HKCU\SOFTWARE\Microsoft\Windows\CurrentVersion\Explorer\Shell Folders\Cache","SUCCESS","Type: REG_SZ, Length: 116, Data: C:\Users\Cuckoo\AppData\Local\Microsoft\Windows\INetCache"
"10:56:06,8141609","gandcrab_v4.exe","3160","RegCloseKey","HKCU\SOFTWARE\Microsoft\Windows\CurrentVersion\Explorer\Shell Folders","SUCCESS",""
"10:56:06,8142088","gandcrab_v4.exe","3160","RegOpenKey","HKCU\Software\Microsoft\Windows NT\CurrentVersion","SUCCESS","Desired Access: Enumerate Sub Keys"
"10:56:06,8142358","gandcrab_v4.exe","3160","RegSetInfoKey","HKCU\SOFTWARE\Microsoft\Windows NT\CurrentVersion","SUCCESS","KeySetInformationClass: KeySetHandleTagsInformation, Length: 0"
"10:56:06,8142614","gandcrab_v4.exe","3160","RegQueryKey","HKCU\SOFTWARE\Microsoft\Windows NT\CurrentVersion","SUCCESS","Query: HandleTags, HandleTags: 0x400"
"10:56:06,8142808","gandcrab_v4.exe","3160","RegOpenKey","HKCU\SOFTWARE\Microsoft\Windows NT\CurrentVersion\AppCompatFlags\Layers","NAME NOT FOUND","Desired Access: Query Value"
"10:56:06,8143836","gandcrab_v4.exe","3160","QuerySecurityFile","C:\Users\Cuckoo\Downloads\gandcrab_v4.exe","SUCCESS","Information: Owner, Group, DACL, SACL, Label, Attribute, Process Trust Label, 0x100"
"10:56:06,8147337","gandcrab_v4.exe","3160","CreateFile","C:\Windows\apppatch\sysmain.sdb","SUCCESS","Desired Access: Generic Read, Disposition: Open, Options: Synchronous IO Non-Alert, Non-Directory File, Attributes: N, ShareMode: Read, AllocationSize: n/a, OpenResult: Opened"
"10:56:06,8148570","gandcrab_v4.exe","3160","QueryBasicInformationFile","C:\Windows\apppatch\sysmain.sdb","SUCCESS","CreationTime: 25/04/2022 10:22:34, LastAccessTime: 25/04/2022 10:56:06, LastWriteTime: 25/04/2022 10:22:34, ChangeTime: 25/04/2022 10:39:09, FileAttributes: A"
"10:56:06,8148750","gandcrab_v4.exe","3160","CloseFile","C:\Windows\apppatch\sysmain.sdb","SUCCESS",""
"10:56:06,8149326","gandcrab_v4.exe","3160","QueryBasicInformationFile","C:\Users\Cuckoo\Downloads\gandcrab_v4.exe","SUCCESS","CreationTime: 25/04/2022 08:00:46, LastAccessTime: 25/04/2022 10:56:06, LastWriteTime: 25/04/2022 10:52:14, ChangeTime: 25/04/2022 10:52:14, FileAttributes: A"
"10:56:06,8150794","gandcrab_v4.exe","3160","QueryBasicInformationFile","C:\Users\Cuckoo\Downloads\gandcrab_v4.exe","SUCCESS","CreationTime: 25/04/2022 08:00:46, LastAccessTime: 25/04/2022 10:56:06, LastWriteTime: 25/04/2022 10:52:14, ChangeTime: 25/04/2022 10:52:14, FileAttributes: A"
"10:56:06,8151587","gandcrab_v4.exe","3160","QueryNameInformationFile","C:\Users\Cuckoo\Downloads\gandcrab_v4.exe","SUCCESS","Name: \Users\Cuckoo\Downloads\gandcrab_v4.exe"
"10:56:06,8154709","gandcrab_v4.exe","3160","CreateFile","C:\Windows\apppatch\sysmain.sdb","SUCCESS","Desired Access: Generic Read, Disposition: Open, Options: Synchronous IO Non-Alert, Non-Directory File, Attributes: N, ShareMode: Read, Delete, AllocationSize: n/a, OpenResult: Opened"
"10:56:06,8155455","gandcrab_v4.exe","3160","QueryStandardInformationFile","C:\Windows\apppatch\sysmain.sdb","SUCCESS","AllocationSize: 4.071.424, EndOfFile: 4.070.602, NumberOfLinks: 2, DeletePending: False, Directory: False"
"10:56:06,8155651","gandcrab_v4.exe","3160","QueryStandardInformationFile","C:\Windows\apppatch\sysmain.sdb","SUCCESS","AllocationSize: 4.071.424, EndOfFile: 4.070.602, NumberOfLinks: 2, DeletePending: False, Directory: False"
"10:56:06,8155897","gandcrab_v4.exe","3160","CreateFileMapping","C:\Windows\apppatch\sysmain.sdb","FILE LOCKED WITH ONLY READERS","SyncType: SyncTypeCreateSection, PageProtection: PAGE_EXECUTE"
"10:56:06,8156123","gandcrab_v4.exe","3160","QueryStandardInformationFile","C:\Windows\apppatch\sysmain.sdb","SUCCESS","AllocationSize: 4.071.424, EndOfFile: 4.070.602, NumberOfLinks: 2, DeletePending: False, Directory: False"
"10:56:06,8156569","gandcrab_v4.exe","3160","CreateFileMapping","C:\Windows\apppatch\sysmain.sdb","SUCCESS","SyncType: SyncTypeOther"
"10:56:06,8157632","gandcrab_v4.exe","3160","QueryStandardInformationFile","C:\Users\Cuckoo\Downloads\gandcrab_v4.exe","SUCCESS","AllocationSize: 552.960, EndOfFile: 550.518, NumberOfLinks: 1, DeletePending: False, Directory: False"
"10:56:06,8159632","gandcrab_v4.exe","3160","RegOpenKey","HKLM\Software\Microsoft\Windows NT\CurrentVersion\AppCompatFlags\Layers","SUCCESS","Desired Access: Read"
"10:56:06,8160601","gandcrab_v4.exe","3160","RegQueryValue","HKLM\SOFTWARE\Microsoft\Windows NT\CurrentVersion\AppCompatFlags\Layers\C:\Users\Cuckoo\Downloads\gandcrab_v4.exe","NAME NOT FOUND","Length: 1.024"
"10:56:06,8160845","gandcrab_v4.exe","3160","RegCloseKey","HKLM\SOFTWARE\Microsoft\Windows NT\CurrentVersion\AppCompatFlags\Layers","SUCCESS",""
"10:56:06,8161375","gandcrab_v4.exe","3160","RegOpenKey","HKCU\Software\Microsoft\Windows NT\CurrentVersion\AppCompatFlags\Layers","NAME NOT FOUND","Desired Access: Read"
"10:56:06,8161878","gandcrab_v4.exe","3160","RegOpenKey","HKLM\Software\Microsoft\Windows NT\CurrentVersion\AppCompatFlags\Custom\gandcrab_v4.exe","NAME NOT FOUND","Desired Access: Read"
"10:56:06,8162704","gandcrab_v4.exe","3160","QueryStandardInformationFile","C:\Users\Cuckoo\Downloads\gandcrab_v4.exe","SUCCESS","AllocationSize: 552.960, EndOfFile: 550.518, NumberOfLinks: 1, DeletePending: False, Directory: False"
"10:56:06,8162938","gandcrab_v4.exe","3160","CreateFileMapping","C:\Users\Cuckoo\Downloads\gandcrab_v4.exe","FILE LOCKED WITH ONLY READERS","SyncType: SyncTypeCreateSection, PageProtection: PAGE_EXECUTE_READ|PAGE_NOCACHE"
"10:56:06,8163163","gandcrab_v4.exe","3160","QueryStandardInformationFile","C:\Users\Cuckoo\Downloads\gandcrab_v4.exe","SUCCESS","AllocationSize: 552.960, EndOfFile: 550.518, NumberOfLinks: 1, DeletePending: False, Directory: False"
"10:56:06,8163771","gandcrab_v4.exe","3160","CreateFileMapping","C:\Users\Cuckoo\Downloads\gandcrab_v4.exe","SUCCESS","SyncType: SyncTypeOther"
"10:56:06,8180142","gandcrab_v4.exe","3160","CloseFile","C:\Windows\apppatch\sysmain.sdb","SUCCESS",""
"10:56:06,8183375","gandcrab_v4.exe","3160","RegOpenKey","HKLM\Software\WOW6432Node\Microsoft\Windows\CurrentVersion\SideBySide","SUCCESS","Desired Access: Read"
"10:56:06,8184829","gandcrab_v4.exe","3160","RegSetInfoKey","HKLM\SOFTWARE\WOW6432Node\Microsoft\Windows\CurrentVersion\SideBySide","SUCCESS","KeySetInformationClass: KeySetHandleTagsInformation, Length: 0"
"10:56:06,8185017","gandcrab_v4.exe","3160","RegQueryValue","HKLM\SOFTWARE\WOW6432Node\Microsoft\Windows\CurrentVersion\SideBySide\PreferExternalManifest","NAME NOT FOUND","Length: 20"
"10:56:06,8185206","gandcrab_v4.exe","3160","RegCloseKey","HKLM\SOFTWARE\WOW6432Node\Microsoft\Windows\CurrentVersion\SideBySide","SUCCESS",""
"10:56:06,8201572","gandcrab_v4.exe","3160","RegOpenKey","HKCU\Software\Microsoft\Windows\CurrentVersion\Explorer\Shell Folders","SUCCESS","Desired Access: Query Value"
"10:56:06,8202478","gandcrab_v4.exe","3160","RegSetInfoKey","HKCU\SOFTWARE\Microsoft\Windows\CurrentVersion\Explorer\Shell Folders","SUCCESS","KeySetInformationClass: KeySetHandleTagsInformation, Length: 0"
"10:56:06,8202823","gandcrab_v4.exe","3160","RegQueryValue","HKCU\SOFTWARE\Microsoft\Windows\CurrentVersion\Explorer\Shell Folders\Cache","SUCCESS","Type: REG_SZ, Length: 116, Data: C:\Users\Cuckoo\AppData\Local\Microsoft\Windows\INetCache"
"10:56:06,8203384","gandcrab_v4.exe","3160","RegCloseKey","HKCU\SOFTWARE\Microsoft\Windows\CurrentVersion\Explorer\Shell Folders","SUCCESS",""
"10:56:06,8204065","gandcrab_v4.exe","3160","QuerySecurityFile","C:\Users\Cuckoo\Downloads\gandcrab_v4.exe","SUCCESS","Information: Owner, Group, DACL, SACL, Label, Attribute, Process Trust Label, 0x100"
"10:56:06,8207247","gandcrab_v4.exe","3160","CreateFile","C:\Windows\apppatch\sysmain.sdb","SUCCESS","Desired Access: Generic Read, Disposition: Open, Options: Synchronous IO Non-Alert, Non-Directory File, Attributes: N, ShareMode: Read, AllocationSize: n/a, OpenResult: Opened"
"10:56:06,8208777","gandcrab_v4.exe","3160","QueryBasicInformationFile","C:\Windows\apppatch\sysmain.sdb","SUCCESS","CreationTime: 25/04/2022 10:22:34, LastAccessTime: 25/04/2022 10:56:06, LastWriteTime: 25/04/2022 10:22:34, ChangeTime: 25/04/2022 10:39:09, FileAttributes: A"
"10:56:06,8209044","gandcrab_v4.exe","3160","CloseFile","C:\Windows\apppatch\sysmain.sdb","SUCCESS",""
"10:56:06,8209986","gandcrab_v4.exe","3160","QueryBasicInformationFile","C:\Users\Cuckoo\Downloads\gandcrab_v4.exe","SUCCESS","CreationTime: 25/04/2022 08:00:46, LastAccessTime: 25/04/2022 10:56:06, LastWriteTime: 25/04/2022 10:52:14, ChangeTime: 25/04/2022 10:52:14, FileAttributes: A"
"10:56:06,8213784","gandcrab_v4.exe","3160","CreateFile","C:\Users\Cuckoo\Downloads\gandcrab_v4.exe","SUCCESS","Desired Access: Generic Read, Disposition: Open, Options: Synchronous IO Non-Alert, Non-Directory File, Attributes: N, ShareMode: Read, Delete, AllocationSize: n/a, OpenResult: Opened"
"10:56:06,8215897","gandcrab_v4.exe","3160","RegOpenKey","HKLM\System\CurrentControlSet\Control\Session Manager","REPARSE","Desired Access: Query Value"
"10:56:06,8216404","gandcrab_v4.exe","3160","RegOpenKey","HKLM\System\CurrentControlSet\Control\Session Manager","SUCCESS","Desired Access: Query Value"
"10:56:06,8217011","gandcrab_v4.exe","3160","RegSetInfoKey","HKLM\System\CurrentControlSet\Control\Session Manager","SUCCESS","KeySetInformationClass: KeySetHandleTagsInformation, Length: 0"
"10:56:06,8217303","gandcrab_v4.exe","3160","RegQueryValue","HKLM\System\CurrentControlSet\Control\Session Manager\SafeDllSearchMode","NAME NOT FOUND","Length: 16"
"10:56:06,8222712","gandcrab_v4.exe","3160","CreateFile","C:\Users\Cuckoo\Downloads\gandcrab_v4.exe","SUCCESS","Desired Access: Read Attributes, Disposition: Open, Options: Open Reparse Point, Attributes: n/a, ShareMode: Read, Write, Delete, AllocationSize: n/a, OpenResult: Opened"
"10:56:06,8223400","gandcrab_v4.exe","3160","QueryBasicInformationFile","C:\Users\Cuckoo\Downloads\gandcrab_v4.exe","SUCCESS","CreationTime: 25/04/2022 08:00:46, LastAccessTime: 25/04/2022 10:56:06, LastWriteTime: 25/04/2022 10:52:14, ChangeTime: 25/04/2022 10:52:14, FileAttributes: A"
"10:56:06,8223770","gandcrab_v4.exe","3160","CloseFile","C:\Users\Cuckoo\Downloads\gandcrab_v4.exe","SUCCESS",""
"10:56:06,8226818","gandcrab_v4.exe","3160","QueryStandardInformationFile","C:\Users\Cuckoo\Downloads\gandcrab_v4.exe","SUCCESS","AllocationSize: 552.960, EndOfFile: 550.518, NumberOfLinks: 1, DeletePending: False, Directory: False"
"10:56:06,8227206","gandcrab_v4.exe","3160","ReadFile","C:\Users\Cuckoo\Downloads\gandcrab_v4.exe","SUCCESS","Offset: 145.920, Length: 32, Priority: Normal"
"10:56:06,8228413","gandcrab_v4.exe","3160","QueryStandardInformationFile","C:\Users\Cuckoo\Downloads\gandcrab_v4.exe","SUCCESS","AllocationSize: 552.960, EndOfFile: 550.518, NumberOfLinks: 1, DeletePending: False, Directory: False"
"10:56:06,8228990","gandcrab_v4.exe","3160","ReadFile","C:\Users\Cuckoo\Downloads\gandcrab_v4.exe","SUCCESS","Offset: 550.486, Length: 32"
"10:56:06,8229732","gandcrab_v4.exe","3160","CloseFile","C:\Users\Cuckoo\Downloads\gandcrab_v4.exe","SUCCESS",""
"10:56:06,8231546","gandcrab_v4.exe","3160","RegOpenKey","HKCU\Software\Microsoft\Windows\CurrentVersion\Explorer\Shell Folders","SUCCESS","Desired Access: Query Value"
"10:56:06,8232677","gandcrab_v4.exe","3160","RegSetInfoKey","HKCU\SOFTWARE\Microsoft\Windows\CurrentVersion\Explorer\Shell Folders","SUCCESS","KeySetInformationClass: KeySetHandleTagsInformation, Length: 0"
"10:56:06,8232996","gandcrab_v4.exe","3160","RegQueryValue","HKCU\SOFTWARE\Microsoft\Windows\CurrentVersion\Explorer\Shell Folders\Cache","SUCCESS","Type: REG_SZ, Length: 116, Data: C:\Users\Cuckoo\AppData\Local\Microsoft\Windows\INetCache"
"10:56:06,8233565","gandcrab_v4.exe","3160","RegCloseKey","HKCU\SOFTWARE\Microsoft\Windows\CurrentVersion\Explorer\Shell Folders","SUCCESS",""
"10:56:06,8234387","gandcrab_v4.exe","3160","QuerySecurityFile","C:\Users\Cuckoo\Downloads\gandcrab_v4.exe","SUCCESS","Information: Owner, Group, DACL, SACL, Label, Attribute, Process Trust Label, 0x100"
"10:56:06,8234902","gandcrab_v4.exe","3160","QueryBasicInformationFile","C:\Users\Cuckoo\Downloads\gandcrab_v4.exe","SUCCESS","CreationTime: 25/04/2022 08:00:46, LastAccessTime: 25/04/2022 10:56:06, LastWriteTime: 25/04/2022 10:52:14, ChangeTime: 25/04/2022 10:52:14, FileAttributes: A"
"10:56:06,8239627","gandcrab_v4.exe","3160","CreateFile","C:\Windows\apppatch\sysmain.sdb","SUCCESS","Desired Access: Generic Read, Disposition: Open, Options: Synchronous IO Non-Alert, Non-Directory File, Attributes: N, ShareMode: Read, Delete, AllocationSize: n/a, OpenResult: Opened"
"10:56:06,8240969","gandcrab_v4.exe","3160","QueryStandardInformationFile","C:\Windows\apppatch\sysmain.sdb","SUCCESS","AllocationSize: 4.071.424, EndOfFile: 4.070.602, NumberOfLinks: 2, DeletePending: False, Directory: False"
"10:56:06,8241185","gandcrab_v4.exe","3160","QueryStandardInformationFile","C:\Windows\apppatch\sysmain.sdb","SUCCESS","AllocationSize: 4.071.424, EndOfFile: 4.070.602, NumberOfLinks: 2, DeletePending: False, Directory: False"
"10:56:06,8241480","gandcrab_v4.exe","3160","CreateFileMapping","C:\Windows\apppatch\sysmain.sdb","FILE LOCKED WITH ONLY READERS","SyncType: SyncTypeCreateSection, PageProtection: PAGE_EXECUTE_READWRITE|PAGE_NOCACHE"
"10:56:06,8241815","gandcrab_v4.exe","3160","QueryStandardInformationFile","C:\Windows\apppatch\sysmain.sdb","SUCCESS","AllocationSize: 4.071.424, EndOfFile: 4.070.602, NumberOfLinks: 2, DeletePending: False, Directory: False"
"10:56:06,8242666","gandcrab_v4.exe","3160","CreateFileMapping","C:\Windows\apppatch\sysmain.sdb","SUCCESS","SyncType: SyncTypeOther"
"10:56:06,8244092","gandcrab_v4.exe","3160","CloseFile","C:\Windows\apppatch\sysmain.sdb","SUCCESS",""
"10:56:06,8246450","gandcrab_v4.exe","3160","CloseFile","C:\Users\Cuckoo\Downloads\gandcrab_v4.exe","SUCCESS",""
"10:56:06,8251512","gandcrab_v4.exe","3160","Thread Exit","","SUCCESS","Thread ID: 8264, User Time: 0.0000000, Kernel Time: 0.0000000"
"10:56:06,8252626","gandcrab_v4.exe","3160","Thread Exit","","SUCCESS","Thread ID: 7964, User Time: 0.0000000, Kernel Time: 0.0000000"
"10:56:06,8253525","gandcrab_v4.exe","3160","Thread Exit","","SUCCESS","Thread ID: 8304, User Time: 0.0000000, Kernel Time: 0.0937500"
"10:56:06,8261341","gandcrab_v4.exe","3160","Process Exit","","SUCCESS","Exit Status: 0, User Time: 0.0000000 seconds, Kernel Time: 0.0937500 seconds, Private Bytes: 1.282.048, Peak Private Bytes: 3.588.096, Working Set: 4.816.896, Peak Working Set: 5.287.936"
"10:56:06,8261990","gandcrab_v4.exe","3160","RegOpenKey","HKLM\System\CurrentControlSet\Services\bam\State\UserSettings\S-1-5-21-714192414-4250913369-3940896113-1001","SUCCESS","Desired Access: All Access"
"10:56:06,8262655","gandcrab_v4.exe","3160","RegQueryValue","HKLM\System\CurrentControlSet\Services\bam\State\UserSettings\S-1-5-21-714192414-4250913369-3940896113-1001\\Device\HarddiskVolume2\Users\Cuckoo\Downloads\gandcrab_v4.exe","NAME NOT FOUND","Length: 40"
"10:56:06,8263214","gandcrab_v4.exe","3160","RegCloseKey","HKLM\System\CurrentControlSet\Services\bam\State\UserSettings\S-1-5-21-714192414-4250913369-3940896113-1001","SUCCESS",""
"10:56:06,8265266","gandcrab_v4.exe","3160","CloseFile","C:\Windows","SUCCESS",""
"10:56:06,8266539","gandcrab_v4.exe","3160","CloseFile","C:\Users\Cuckoo\Downloads","SUCCESS",""
"10:56:06,8267638","gandcrab_v4.exe","3160","RegCloseKey","HKLM\System\CurrentControlSet\Control\Nls\CustomLocale","SUCCESS",""
"10:56:06,8268974","gandcrab_v4.exe","3160","RegCloseKey","HKLM\SOFTWARE\Microsoft\Windows NT\CurrentVersion\Image File Execution Options","SUCCESS",""
"10:56:06,8269171","gandcrab_v4.exe","3160","RegCloseKey","HKLM\System\CurrentControlSet\Control\Nls\Sorting\Versions","SUCCESS",""
"10:56:06,8269338","gandcrab_v4.exe","3160","RegCloseKey","HKCU\SOFTWARE\Microsoft\Windows NT\CurrentVersion","SUCCESS",""
"10:56:06,8269574","gandcrab_v4.exe","3160","RegCloseKey","HKLM\System\CurrentControlSet\Control\Session Manager","SUCCESS",""
